{"train_losses": [0.1865043647894707, 0.1462501529919688, 0.130543283511643, 0.14268288328046352, 0.12094698966879056, 0.12158809928967686, 0.11350118184508926, 0.11620520282564209, 0.1140793276756498, 0.11593115596400419], "train_accuracies": [0.933090490797546, 0.9444018404907976, 0.9493865030674846, 0.9449769938650306, 0.9551380368098159, 0.9539877300613497, 0.9572469325153374, 0.9566717791411042, 0.9557131901840491, 0.9568634969325154], "train_f1": [0.947911189015483, 0.9522275781478224, 0.9534837861524967, 0.9523006134969317, 0.9610721589249192, 0.9595493718959971, 0.9628724802804551, 0.9646837569383574, 0.95941060473269, 0.9632632193981877], "val_losses": [1.0589871034026146, 1.095318727195263, 0.4693619292229414, 0.6333483476191759, 1.745434194803238, 0.5824906025081873, 1.6058449217816815, 0.5110003277659416, 0.8485956117510796, 0.9393937736749649], "val_accuracies": [0.5625, 0.5625, 0.75, 0.6875, 0.5, 0.75, 0.5625, 0.6875, 0.5, 0.5625], "val_f1": [0.6583333333333333, 0.680952380952381, 0.7892857142857144, 0.7416666666666667, 0.6476190476190475, 0.7083333333333333, 0.5892857142857143, 0.7666666666666666, 0.6476190476190476, 0.6309523809523809], "test_accuracies": [0.8157051282051282, 0.8108974358974359, 0.8381410256410257, 0.782051282051282, 0.6891025641025641, 0.8317307692307693, 0.7147435897435898, 0.7996794871794872, 0.75, 0.7996794871794872], "test_f1": [0.837545787545788, 0.8400793650793653, 0.8545177045177045, 0.8267399267399272, 0.7728937728937737, 0.8288461538461539, 0.7883089133089141, 0.8197191697191698, 0.8138583638583643, 0.8278693528693529]}