{"train_losses": [0.2779786938830333, 0.18257431640036895, 0.15668678273824227, 0.14753732598787261, 0.1384045911468532, 0.13175197253558843, 0.12703673298451745, 0.12610418934934597, 0.11564399879199004, 0.11372149895212232], "train_accuracies": [0.8819018404907976, 0.9271472392638037, 0.9426763803680982, 0.9470858895705522, 0.9486196319018405, 0.9501533742331288, 0.9495782208588958, 0.9490030674846626, 0.9570552147239264, 0.9524539877300614], "train_f1": [0.9025708442886338, 0.9358713117148688, 0.9497808939526727, 0.9504710780017519, 0.9566571720712819, 0.9555324276950043, 0.9571720712825003, 0.954053461875547, 0.9634238971662282, 0.958333333333333], "val_losses": [1.0983455032110214, 0.9472979418933392, 0.499489638954401, 0.5977641567587852, 0.43614622205495834, 1.377158390940167, 1.128193438053131, 0.5491708517074585, 0.7585365474224091, 0.4764594156295061], "val_accuracies": [0.5625, 0.625, 0.8125, 0.6875, 0.875, 0.5625, 0.625, 0.75, 0.625, 0.75], "val_f1": [0.6535714285714286, 0.7166666666666666, 0.8166666666666667, 0.5333333333333333, 0.9166666666666666, 0.5166666666666666, 0.7333333333333333, 0.7416666666666667, 0.7142857142857143, 0.6166666666666667], "test_accuracies": [0.7836538461538461, 0.7756410256410257, 0.8333333333333334, 0.8189102564102564, 0.8333333333333334, 0.7516025641025641, 0.6987179487179487, 0.7916666666666666, 0.7756410256410257, 0.842948717948718], "test_f1": [0.8193833943833948, 0.8229853479853483, 0.8592490842490843, 0.8192307692307692, 0.8402014652014653, 0.801434676434677, 0.7787545787545795, 0.8304945054945058, 0.827625152625153, 0.853174603174603]}