{"train_losses": [0.23812507660160495, 0.16572447842141638, 0.1339652899842843, 0.13159265299211056, 0.12447266229596775, 0.11817983810973645, 0.11819632912390145, 0.10903109569970608, 0.10527187272786238, 0.1006370426373953, 0.10166091618562313, 0.09779381028432939, 0.093869747929698, 0.09522428013673159, 0.09757192198738733, 0.09623094892560544, 0.09253661756739133, 0.08993777598233146, 0.08753035261210008, 0.088727223239904], "train_accuracies": [0.9041411042944786, 0.9371165644171779, 0.9478527607361963, 0.950920245398773, 0.9549463190184049, 0.9551380368098159, 0.9530291411042945, 0.9622315950920245, 0.9589723926380368, 0.959739263803681, 0.9622315950920245, 0.9626150306748467, 0.964532208588957, 0.963957055214724, 0.964148773006135, 0.9631901840490797, 0.9677914110429447, 0.9710506134969326, 0.9675996932515337, 0.9675996932515337], "train_f1": [0.924649430324277, 0.9476920829681561, 0.957175723049956, 0.9553060181127655, 0.9643112766579022, 0.9581872626351148, 0.9581069237510951, 0.9681018112766574, 0.9626387671633063, 0.9641432953549516, 0.9624014022787022, 0.967681858019281, 0.965863277826467, 0.9663416593631314, 0.967904615834063, 0.967966695880806, 0.9703695588664907, 0.9744631901840489, 0.9724328074788188, 0.9707931638913228], "val_losses": [1.7478404343128204, 1.087587058544159, 1.2618600279092789, 1.0419359998777509, 0.7616457603871822, 0.5188346933573484, 0.4878864735364914, 0.569569855928421, 1.0784481018781662, 1.0510504208505154, 1.5040060356259346, 0.6840526377782226, 1.3789163380861282, 1.3335439160000533, 0.5683874567039311, 0.3921774234622717, 1.044474445283413, 0.7561292857863009, 0.7211273014545441, 0.48236026149243116], "val_accuracies": [0.5625, 0.5, 0.5625, 0.5, 0.75, 0.75, 0.6875, 0.6875, 0.5, 0.625, 0.5625, 0.625, 0.625, 0.5625, 0.8125, 0.75, 0.6875, 0.75, 0.625, 0.6875], "val_f1": [0.6726190476190476, 0.6142857142857143, 0.6809523809523809, 0.575, 0.7833333333333333, 0.8333333333333333, 0.7833333333333333, 0.7202380952380952, 0.6476190476190475, 0.7083333333333333, 0.6726190476190476, 0.6642857142857143, 0.7059523809523809, 0.5833333333333333, 0.8666666666666667, 0.6642857142857143, 0.75, 0.775, 0.6916666666666667, 0.75], "test_accuracies": [0.7612179487179487, 0.7900641025641025, 0.7451923076923077, 0.7532051282051282, 0.8381410256410257, 0.8189102564102564, 0.8349358974358975, 0.8317307692307693, 0.7580128205128205, 0.7692307692307693, 0.7355769230769231, 0.7756410256410257, 0.8157051282051282, 0.7948717948717948, 0.8541666666666666, 0.8541666666666666, 0.7996794871794872, 0.7836538461538461, 0.7836538461538461, 0.8237179487179487], "test_f1": [0.801556776556777, 0.8342490842490842, 0.8041514041514046, 0.8118742368742371, 0.8651098901098907, 0.8421855921855924, 0.8382783882783883, 0.852869352869353, 0.7968864468864473, 0.8132478632478638, 0.802380952380953, 0.8241758241758246, 0.82991452991453, 0.8298534798534797, 0.8636141636141637, 0.8701159951159955, 0.8276251526251526, 0.817582417582418, 0.8168803418803423, 0.8564102564102571]}