{"train_losses": [0.26864413812508486, 0.17931330463995765, 0.15890833469344506, 0.14273043378281805, 0.1378682031927606, 0.135734857324003, 0.12648601417451039, 0.1150583424469842, 0.11856541982620894, 0.11433364866865324, 0.10437013214647688, 0.1052647804152496, 0.10100242958661271, 0.1049028547231466, 0.10158433299590484, 0.09348875391689278, 0.09464801532596032, 0.10133263881873225, 0.09340143328996464, 0.09723234887308904], "train_accuracies": [0.8882285276073619, 0.9298312883435583, 0.9409509202453987, 0.94670245398773, 0.94670245398773, 0.9468941717791411, 0.9507285276073619, 0.9549463190184049, 0.9530291411042945, 0.9582055214723927, 0.9583972392638037, 0.959930981595092, 0.9618481595092024, 0.9585889570552147, 0.9633819018404908, 0.9635736196319018, 0.9629984662576687, 0.9622315950920245, 0.9647239263803681, 0.9637653374233128], "train_f1": [0.9069712240724505, 0.9398261758691204, 0.9533377154542803, 0.954301782062518, 0.955948729184925, 0.9505185509786729, 0.9582164767747583, 0.9614008179959096, 0.9646910604732685, 0.9617221735319887, 0.9610940695296522, 0.96563686824423, 0.9633399065147525, 0.964052001168565, 0.9639424481449018, 0.9665571136430027, 0.9661444639205369, 0.9653593339176156, 0.9646983640081798, 0.9672144317849838], "val_losses": [0.4874078407883644, 1.229379341006279, 0.6014157012104988, 0.8157923519611359, 0.8421192094683647, 1.127516783773899, 0.6669340282678604, 0.9174195788800716, 1.4198541045188904, 1.0327258792240173, 1.8508991822600365, 0.5953036360442638, 1.3296359777450562, 1.766420155763626, 0.7253070324659348, 0.8387335017323494, 1.6411018371582031, 0.7386410310864449, 1.5845812242478132, 1.1454958450049162], "val_accuracies": [0.8125, 0.625, 0.625, 0.5625, 0.625, 0.5625, 0.625, 0.6875, 0.5, 0.5625, 0.5625, 0.625, 0.5, 0.5625, 0.625, 0.5625, 0.625, 0.625, 0.5625, 0.5625], "val_f1": [0.7, 0.7059523809523809, 0.7333333333333334, 0.6809523809523809, 0.7, 0.6833333333333332, 0.6642857142857143, 0.7, 0.6249999999999999, 0.6416666666666666, 0.6833333333333332, 0.6726190476190476, 0.6333333333333333, 0.680952380952381, 0.6666666666666666, 0.6583333333333333, 0.7333333333333334, 0.7166666666666666, 0.5642857142857143, 0.6833333333333333], "test_accuracies": [0.7708333333333334, 0.7724358974358975, 0.7660256410256411, 0.7628205128205128, 0.8189102564102564, 0.7740384615384616, 0.8157051282051282, 0.7644230769230769, 0.7387820512820513, 0.7483974358974359, 0.7724358974358975, 0.7996794871794872, 0.7884615384615384, 0.7564102564102564, 0.8333333333333334, 0.7596153846153846, 0.7676282051282052, 0.7740384615384616, 0.7772435897435898, 0.7419871794871795], "test_f1": [0.7327533577533577, 0.8250000000000001, 0.8132783882783888, 0.8029304029304032, 0.837606837606838, 0.8204517704517709, 0.8419413919413921, 0.7999084249084255, 0.8010378510378513, 0.8132783882783884, 0.8312881562881566, 0.8308608058608059, 0.8363553113553115, 0.8053113553113557, 0.8502747252747255, 0.8082112332112337, 0.8118131868131869, 0.8153540903540907, 0.8266788766788767, 0.804578754578755]}